Код;Ссылка;ЭтоГруппа;Родитель
AM18162;01. Аксессуары (Чехлы и сумки, Манипуляторы, Аудиотехника);Да;
AM18244;01. Чехлы, сумки и аксессуары к цифровой технике;Да;01. Аксессуары (Чехлы и сумки, Манипуляторы, Аудиотехника)
AM18264;01. Чехлы и сумки для мобильных устройств;Да;01. Чехлы, сумки и аксессуары к цифровой технике
AM18225;Сумка, рюкзак для фото/видео камеры;Нет;01. Чехлы и сумки для мобильных устройств
AM27379;Чехол - аккумулятор;Нет;01. Чехлы и сумки для мобильных устройств
AM18259;Чехол для GSM;Нет;01. Чехлы и сумки для мобильных устройств
AM18300;Чехол для планшета;Нет;01. Чехлы и сумки для мобильных устройств
AM18223;Чехол для фото/видео камеры;Нет;01. Чехлы и сумки для мобильных устройств
AM18258;Чехол для электронных книг;Нет;01. Чехлы и сумки для мобильных устройств
AM18336;02. Батарейки, кабели и прочие аксессуары к цифровой технике;Да;01. Чехлы, сумки и аксессуары к цифровой технике
AM18337;USB хаб;Нет;02. Батарейки, кабели и прочие аксессуары к цифровой технике
AM18216;Аксессуар для HDD;Нет;02. Батарейки, кабели и прочие аксессуары к цифровой технике
AM18375;Батарейка/Аккумулятор;Нет;02. Батарейки, кабели и прочие аксессуары к цифровой технике
AM18376;Зарядное устройство для аккумуляторов AA/AAA;Нет;02. Батарейки, кабели и прочие аксессуары к цифровой технике
AM18363;Кабель;Нет;02. Батарейки, кабели и прочие аксессуары к цифровой технике
AM18364;Коммутационное оборудование;Нет;02. Батарейки, кабели и прочие аксессуары к цифровой технике
AM18369;Магнитный/оптический носитель;Нет;02. Батарейки, кабели и прочие аксессуары к цифровой технике
AM18388;Память USB Flash;Нет;02. Батарейки, кабели и прочие аксессуары к цифровой технике
AM18395;Сетевой фильтр;Нет;02. Батарейки, кабели и прочие аксессуары к цифровой технике
AM18379;Чистящее средство;Нет;02. Батарейки, кабели и прочие аксессуары к цифровой технике
EM05756;02. Стекла, пленки и аксессуары для моб устройств;Да;01. Аксессуары (Чехлы и сумки, Манипуляторы, Аудиотехника)
AM18242;01. Аксессуары для мобильных устройств;Да;02. Стекла, пленки и аксессуары для моб устройств
AM30128;OTG аксессуары;Нет;01. Аксессуары для мобильных устройств
AM20879;Аккумулятор для мобильных устройств;Нет;01. Аксессуары для мобильных устройств
AM18304;Аксессуары прочее;Нет;01. Аксессуары для мобильных устройств
AM18308;Держатели для мобильных устройств;Нет;01. Аксессуары для мобильных устройств
AM27380;Предметы для Селфи;Нет;01. Аксессуары для мобильных устройств
AM27042;02. Стекла и пленки;Да;02. Стекла, пленки и аксессуары для моб устройств
AM30129;Защитное стекло для смартфонов;Нет;02. Стекла и пленки
AM20887;Пленка защитная для планшетов;Нет;02. Стекла и пленки
AM20877;Пленка защитная для смартфонов;Нет;02. Стекла и пленки
EM09368;Списанное стекло и пленка;Нет;02. Стекла и пленки
EM05851;03. Карты памяти;Да;02. Стекла, пленки и аксессуары для моб устройств
AM18359;Кард - ридер;Нет;03. Карты памяти
AM18243;Карта памяти (Flash);Нет;03. Карты памяти
EM05852;04. Устройства для зарядки;Да;02. Стекла, пленки и аксессуары для моб устройств
AM18307;Зарядные и док станции для мобильных устройств;Нет;04. Устройства для зарядки
AM30127;Кабель для мобильных устройств;Нет;04. Устройства для зарядки
AM20878;Портативный аккумулятор;Нет;04. Устройства для зарядки
AM31753;03. Операторские комплекты и подарочные карты;Да;01. Аксессуары (Чехлы и сумки, Манипуляторы, Аудиотехника)
EM06049;Подарочные карты;Да;03. Операторские комплекты и подарочные карты
AM18253;Подарочная карта;Нет;Подарочные карты
EM06050;Сим-карты и Оборудование;Да;03. Операторские комплекты и подарочные карты
AM26309;Сим-карты, Data-комплекты (сим-карта + 3/4G модем);Нет;Сим-карты и Оборудование
EM06051;Страховые продукты;Да;03. Операторские комплекты и подарочные карты
EM03673;Страховой продукт;Нет;Страховые продукты
AM19032;04. Манипуляторы и аксессуары для ноутбука;Да;01. Аксессуары (Чехлы и сумки, Манипуляторы, Аудиотехника)
AM18396;01. Манипуляторы и вебкамеры;Да;04. Манипуляторы и аксессуары для ноутбука
AM30126;Bluetooth клавиатура и мышь;Нет;01. Манипуляторы и вебкамеры
AM18424;Аксессуар для манипуляторов;Нет;01. Манипуляторы и вебкамеры
AM18397;Веб-камера;Нет;01. Манипуляторы и вебкамеры
AM18399;Графический планшет;Нет;01. Манипуляторы и вебкамеры
EM10194;Клавиатура игровая;Нет;01. Манипуляторы и вебкамеры
AM18402;Клавиатура офисная;Нет;01. Манипуляторы и вебкамеры
EM10196;Коврик игровой;Нет;01. Манипуляторы и вебкамеры
AM18404;Коврик офисный;Нет;01. Манипуляторы и вебкамеры
EM10192;Мышь игровая;Нет;01. Манипуляторы и вебкамеры
AM18405;Мышь офисная;Нет;01. Манипуляторы и вебкамеры
AM18207;02. Аксессуары для ноутбуков;Да;04. Манипуляторы и аксессуары для ноутбука
AM18206;Адаптер для ноутбука;Нет;02. Аксессуары для ноутбуков
AM18202;Охлаждение для ноутбука;Нет;02. Аксессуары для ноутбуков
AM18200;Сумки, рюкзаки, чехлы для ноутбуков;Нет;02. Аксессуары для ноутбуков
AM19969;05. Аудио;Да;01. Аксессуары (Чехлы и сумки, Манипуляторы, Аудиотехника)
AM20020;01. Наушники;Да;05. Аудио
AM18260;Моногарнитура (Bluetooth);Нет;01. Наушники
AM18535;Наушники вкладыши;Нет;01. Наушники
EM00289;Наушники игровые;Нет;01. Наушники
AM18324;Наушники накладные;Нет;01. Наушники
EM03352;Стереогарнитура (Bluetooth);Нет;01. Наушники
EM05762;02. Колонки и портативные аудиосистемы;Да;05. Аудио
AM18548;Колонки 2.0;Нет;02. Колонки и портативные аудиосистемы
AM18550;Колонки 2.1;Нет;02. Колонки и портативные аудиосистемы
AM18551;Колонки 5.1;Нет;02. Колонки и портативные аудиосистемы
AM18552;Колонки портативные;Нет;02. Колонки и портативные аудиосистемы
AM19556;Портативная аудиосистема;Нет;02. Колонки и портативные аудиосистемы
AM20764;Радиобудильник;Нет;02. Колонки и портативные аудиосистемы
EM63794;Радиоприемник;Нет;02. Колонки и портативные аудиосистемы
AM18326;03. Микрофоны и аудио-аксессуары;Да;05. Аудио
AM24103;Аудио-усилители и адаптеры;Нет;03. Микрофоны и аудио-аксессуары
AM24104;Аудиокабели и переходники;Нет;03. Микрофоны и аудио-аксессуары
AM18325;Микрофон;Нет;03. Микрофоны и аудио-аксессуары
AM24106;Прочие аудио-аксессуары;Нет;03. Микрофоны и аудио-аксессуары
AM19971;04. Автозвук;Да;05. Аудио
AM18144;FM Трансмиттер;Нет;04. Автозвук
AM26713;ISO-Коннектор, разъемы;Нет;04. Автозвук
AM19346;Автомобильная акустическая система;Нет;04. Автозвук
AM18296;Автомобильная магнитола (1DIN);Нет;04. Автозвук
EM01197;Автомобильная магнитола (2DIN);Нет;04. Автозвук
AM26714;Автомобильный сабвуфер;Нет;04. Автозвук
AM26716;Автомобильный усилитель;Нет;04. Автозвук
AM26718;Конденсатор;Нет;04. Автозвук
AM26721;Установочный комплект;Нет;04. Автозвук
AM26722;Шумо и виброизоляция;Нет;04. Автозвук
EM05757;06. Аксессуары БТ, посуда;Да;01. Аксессуары (Чехлы и сумки, Манипуляторы, Аудиотехника)
AM28879;Аксессуары для КБТ;Да;06. Аксессуары БТ, посуда
AM30947;Аксессуары для вытяжек;Нет;Аксессуары для КБТ
EM04721;Аксессуары для кондиционеров ;Нет;Аксессуары для КБТ
AM19789;Аксессуары для плит и варочных поверхностей;Нет;Аксессуары для КБТ
AM23955;Аксессуары для стиральных и посудомоечных машин;Нет;Аксессуары для КБТ
AM23953;Аксессуары для холодильников;Нет;Аксессуары для КБТ
AM30960;Средства для прочей техники КБТ и уходу за домом;Нет;Аксессуары для КБТ
AM19787;Аксессуары для МБТ;Да;06. Аксессуары БТ, посуда
AM26920;Аксессуары для аквафильтров;Нет;Аксессуары для МБТ
AM20752;Аксессуары для бритв и эпиляторов;Нет;Аксессуары для МБТ
AM30954;Аксессуары для зубных щеток;Нет;Аксессуары для МБТ
AM20750;Аксессуары для мультиварок;Нет;Аксессуары для МБТ
AM30953;Аксессуары для мясорубок и прочей техники для нарезки и смешивания;Нет;Аксессуары для МБТ
EM04971;Аксессуары для СВЧ и прочей МБТ для жарки и подогрева;Нет;Аксессуары для МБТ
AM21716;Аксессуары для техники по приготовлению напитков;Нет;Аксессуары для МБТ
AM19788;Аксессуары для техники по уходу за одеждой;Нет;Аксессуары для МБТ
AM23785;Бытовая химия МБТ;Нет;Аксессуары для МБТ
AM26918;Гладильная Доска;Нет;Аксессуары для МБТ
AM30955;Капсулы для кофемашин;Нет;Аксессуары для МБТ
AM26919;Кронштейны для МБТ;Нет;Аксессуары для МБТ
AM30958;Прочие аксессуары для пылесосов и чистящей техники;Нет;Аксессуары для МБТ
AM30956;Пылесборники для пылесосов;Нет;Аксессуары для МБТ
AM23157;Сушилка для белья;Нет;Аксессуары для МБТ
AM30957;Фильтр для пылесоса;Нет;Аксессуары для МБТ
EM06147;Фильтр проточный;Нет;Аксессуары для МБТ
AM21592;Фильтр-кувшин;Нет;Аксессуары для МБТ
AM24334;Посуда;Да;06. Аксессуары БТ, посуда
AM26306;Дистиллятор;Нет;Посуда
EM00327;Кастрюля, Ковш;Нет;Посуда
EM00329;Крышка для посуды;Нет;Посуда
AM21589;Кухонная утварь;Нет;Посуда
EM03358;Лапшерезка;Нет;Посуда
EM00328;Набор посуды;Нет;Посуда
EM00324;Нож, ножницы;Нет;Посуда
EM00332;Посуда для СВЧ и хранения;Нет;Посуда
EM00325;Сковорода;Нет;Посуда
EM00326;Сотейник, Вок, Жаровня;Нет;Посуда
EM00331;Термос, Термокружка;Нет;Посуда
EM08252;Турка, Гейзерная кофеварка;Нет;Посуда
EM00333;Форма для выпекания;Нет;Посуда
AM29455;Холодильник автомобильный;Нет;Посуда
EM00330;Чайник;Нет;Посуда
EM05758;07. Видео аксессуары, аудиосистемы и освещение;Да;01. Аксессуары (Чехлы и сумки, Манипуляторы, Аудиотехника)
AM23092;01. Аудиосистемы;Да;07. Видео аксессуары, аудиосистемы и освещение
EM00963;Акустические системы Hi-Fi;Нет;01. Аудиосистемы
EM00970;Воспроизводящие устройства аудио Hi-Fi;Нет;01. Аудиосистемы
AM23091;Домашние аудиосистемы;Нет;01. Аудиосистемы
EM04684;Домашние кинотеатры;Нет;01. Аудиосистемы
EM01581;Магнитолы;Нет;01. Аудиосистемы
EM00962;Музыкальные инструменты;Нет;01. Аудиосистемы
EM00969;Ресиверы, усилители Hi-Fi;Нет;01. Аудиосистемы
AM18281;Саундбары;Нет;01. Аудиосистемы
EM45172;Электрогитары;Нет;01. Аудиосистемы
AM20766;02. Видео аксессуары;Да;07. Видео аксессуары, аудиосистемы и освещение
EM03401;Аксессуары для проекторов;Нет;02. Видео аксессуары
AM21571;Видеоплеер портативный;Нет;02. Видео аксессуары
AM21572;Видеоплеер стационарный;Нет;02. Видео аксессуары
AM18130;Комплект спутникового и IP-TV ТВ;Нет;02. Видео аксессуары
AM24618;Конвертер, переключатель сигнала (под заказ);Нет;02. Видео аксессуары
AM18330;Крепления для видеотехники;Нет;02. Видео аксессуары
EM63751;Крепления для мониторов;Нет;02. Видео аксессуары
AM21574;Медиаплеер стационарный;Нет;02. Видео аксессуары
AM21568;Модуль расширения для ТВ/Видео;Нет;02. Видео аксессуары
AM21569;Пульт ДУ для ТВ Видео;Нет;02. Видео аксессуары
AM18289;Стереоочки 3D;Нет;02. Видео аксессуары
AM24465;Стол, тумба, стойка для ТВ;Нет;02. Видео аксессуары
AM18136;ТВ антенны;Нет;02. Видео аксессуары
AM21575;Тюнер цифрового телевидения;Нет;02. Видео аксессуары
AM23627;Усилители, кабели, сплиттеры, переходники;Нет;02. Видео аксессуары
AM23626;Чехлы для пультов ДУ;Нет;02. Видео аксессуары
AM19454;03. Осветительное оборудование и дом;Да;07. Видео аксессуары, аудиосистемы и освещение
AM19456;Лампа светодиодная;Нет;03. Осветительное оборудование и дом
AM19427;Метеостанция;Нет;03. Осветительное оборудование и дом
AM21707;Настенные часы;Нет;03. Осветительное оборудование и дом
AM26333;Осветительное оборудование;Нет;03. Осветительное оборудование и дом
AM19455;Светильник декоративный, ночник;Нет;03. Осветительное оборудование и дом
AM20763;Светильник настольный;Нет;03. Осветительное оборудование и дом
AM18377;Фонарь;Нет;03. Осветительное оборудование и дом
EM06047;04. Кабель HDMI;Да;07. Видео аксессуары, аудиосистемы и освещение
AM24345;Кабель HDMI;Нет;04. Кабель HDMI
EM10592;08 Производство;Да;01. Аксессуары (Чехлы и сумки, Манипуляторы, Аудиотехника)
EM10596;Аксессуары для защитного стекла;Нет;08 Производство
EM10688;Защитное стекло для смартфона без упаковки;Нет;08 Производство
EM10593;Упаковка для защитного стекла;Нет;08 Производство
AM18266;02. Цифровая Электроника и GSM (Смартфоны, Планшеты, Цифровые камеры);Да;
AM18252;01. Средства связи GSM;Да;02. Цифровая Электроника и GSM (Смартфоны, Планшеты, Цифровые камеры)
AM18249;Смартфоны, Сотовые телефоны, Радиостанции, Умные часы и браслеты;Да;01. Средства связи GSM
AM19347;Радиостанции;Нет;Смартфоны, Сотовые телефоны, Радиостанции, Умные часы и браслеты
AM18250;Смартфон;Нет;Смартфоны, Сотовые телефоны, Радиостанции, Умные часы и браслеты
AM18248;Сотовый телефон;Нет;Смартфоны, Сотовые телефоны, Радиостанции, Умные часы и браслеты
AM27381;Умные часы и браслеты;Нет;Смартфоны, Сотовые телефоны, Радиостанции, Умные часы и браслеты
AM18265;02. Планшетные ПК, Электронные книги, GPS Навигатор;Да;02. Цифровая Электроника и GSM (Смартфоны, Планшеты, Цифровые камеры)
AM18257;Планшетные ПК, Электронные книги, GPS Навигатор;Да;02. Планшетные ПК, Электронные книги, GPS Навигатор
AM18156;GPS Навигатор;Нет;Планшетные ПК, Электронные книги, GPS Навигатор
AM18255;Планшетный ПК;Нет;Планшетные ПК, Электронные книги, GPS Навигатор
AM18246;Электронная книга;Нет;Планшетные ПК, Электронные книги, GPS Навигатор
AM18135;03. Интертеймент;Да;02. Цифровая Электроника и GSM (Смартфоны, Планшеты, Цифровые камеры)
AM20741;01. Игровые консоли;Да;03. Интертеймент
AM18134;Ретро консоли;Нет;01. Игровые консоли
EM08108;Современные игровые консоли;Нет;01. Игровые консоли
AM20770;02. Аксессуары ИК;Да;03. Интертеймент
AM27450;Аксессуары для консолей;Нет;02. Аксессуары ИК
AM21566;Геймпад;Нет;02. Аксессуары ИК
AM27452;Игровой контроллер;Нет;02. Аксессуары ИК
AM20740;03. Игры ИК/ПК и карты оплаты;Да;03. Интертеймент
EM04922;Blu-Ray Кино;Нет;03. Игры ИК/ПК и карты оплаты
EM00418;ESD карты оплаты (конверты) – игры, сервисы;Нет;03. Игры ИК/ПК и карты оплаты
EM08119;Игра для игровой консоли;Нет;03. Игры ИК/ПК и карты оплаты
AM27457;Игра для ПК;Нет;03. Игры ИК/ПК и карты оплаты
AM27451;Карта оплаты;Нет;03. Игры ИК/ПК и карты оплаты
AM26979;04. Плееры и диктофоны;Да;03. Интертеймент
AM18187;MP3 плеер;Нет;04. Плееры и диктофоны
AM18230;Диктофоны и переводчики;Нет;04. Плееры и диктофоны
AM18185;Мультимедиа плеер;Нет;04. Плееры и диктофоны
AM20771;05. Сувениры, полезные мелочи;Да;03. Интертеймент
AM30997;Конструкторы;Нет;05. Сувениры, полезные мелочи
EM08110;Мобильные средства передвижения;Нет;05. Сувениры, полезные мелочи
AM27458;Настольная игра;Нет;05. Сувениры, полезные мелочи
AM23878;Пакет подарочный;Нет;05. Сувениры, полезные мелочи
AM18299;Полезные мелочи и прочее;Нет;05. Сувениры, полезные мелочи
AM27459;Радиоуправляемая техника;Нет;05. Сувениры, полезные мелочи
AM23973;Сувенирная продукция;Нет;05. Сувениры, полезные мелочи
AM18245;04. Цифровые камеры, Фотооборудование;Да;02. Цифровая Электроника и GSM (Смартфоны, Планшеты, Цифровые камеры)
AM18183;1. Цифровые фото и видеокамеры;Да;04. Цифровые камеры, Фотооборудование
AM18241;Видеокамеры;Нет;1. Цифровые фото и видеокамеры
AM18182;Зеркальные камеры Любит.;Нет;1. Цифровые фото и видеокамеры
EM59531;Зеркальные камеры Проф.;Нет;1. Цифровые фото и видеокамеры
AM18181;Камера со сменной оптикой;Нет;1. Цифровые фото и видеокамеры
AM18180;Компактные камеры;Нет;1. Цифровые фото и видеокамеры
AM29233;Фотокамеры моментальной печати;Нет;1. Цифровые фото и видеокамеры
AM18240;Экшн-Видеокамера;Нет;1. Цифровые фото и видеокамеры
AM18199;2. Аксессуары для фото;Да;04. Цифровые камеры, Фотооборудование
AM18198;АКБ и зарядное устройство для фото/видео камер;Нет;2. Аксессуары для фото
AM18238;Аксессуары для цифровых камер;Нет;2. Аксессуары для фото
AM26923;Аксессуары для экшн-камер;Нет;2. Аксессуары для фото
AM26315;Бинокли и телескопы;Нет;2. Аксессуары для фото
EM07537;Компактные фотопринтеры;Нет;2. Аксессуары для фото
AM18234;Наборы освещения;Нет;2. Аксессуары для фото
AM29232;Объективы для камер со сменной оптикой;Нет;2. Аксессуары для фото
AM18191;Объективы Любит.;Нет;2. Аксессуары для фото
EM59532;Объективы Проф.;Нет;2. Аксессуары для фото
AM21950;Средства для чистки оптики и матриц;Нет;2. Аксессуары для фото
AM18228;Фоторамки;Нет;2. Аксессуары для фото
AM18233;Фотофильтры;Нет;2. Аксессуары для фото
AM18232;Штативы;Нет;2. Аксессуары для фото
AM26712;3. Автовидео;Да;04. Цифровые камеры, Фотооборудование
AM18155;Видеорегистратор;Нет;3. Автовидео
AM18154;Радар-детектор;Нет;3. Автовидео
AM18222;03. IT Техника (Ноутбуки, Компьютеры, Комплектующие, Периферия);Да;
EM05098;00. Компьютеры и Моноблоки;Да;03. IT Техника (Ноутбуки, Компьютеры, Комплектующие, Периферия)
EM05099;01. Компьютеры;Да;00. Компьютеры и Моноблоки
EM44982;VR станция и Док-станция;Нет;01. Компьютеры
EM06229;Виртуальный ГСБ;Нет;01. Компьютеры
AM23891;Микрокомпьютер;Нет;01. Компьютеры
AM18179;Неттопы, стики, платформы;Нет;01. Компьютеры
AM18178;Персональный компьютер;Нет;01. Компьютеры
EM44981;Сервер и Рабочая станция;Нет;01. Компьютеры
EM05100;02. Моноблоки;Да;00. Компьютеры и Моноблоки
AM18176;Моноблок;Нет;02. Моноблоки
AM18221;01. Ноутбуки;Да;03. IT Техника (Ноутбуки, Компьютеры, Комплектующие, Периферия)
AM18160;01. Ноутбуки;Да;01. Ноутбуки
AM18208;Ноутбуки;Нет;01. Ноутбуки
AM26888;02. Мониторы, Сетевое, ИБП, Софт;Да;03. IT Техника (Ноутбуки, Компьютеры, Комплектующие, Периферия)
AM20793;01. Мониторы;Да;02. Мониторы, Сетевое, ИБП, Софт
AM18335;Монитор;Нет;01. Мониторы
AM18429;02. Сетевое оборудование;Да;02. Мониторы, Сетевое, ИБП, Софт
AM18430;IP-камера и система видеонаблюдения;Нет;02. Сетевое оборудование
AM21542;KVM оборудование;Нет;02. Сетевое оборудование
AM18432;Адаптер BlueTooth;Нет;02. Сетевое оборудование
AM18433;Адаптер Wi-Fi;Нет;02. Сетевое оборудование
AM18435;Антенна;Нет;02. Сетевое оборудование
AM18437;Коммутатор;Нет;02. Сетевое оборудование
AM18438;Маршрутизатор;Нет;02. Сетевое оборудование
AM18434;Оборудование Powerline/PoE;Нет;02. Сетевое оборудование
AM18443;Оборудование VoIP;Нет;02. Сетевое оборудование
AM18444;Оборудование xDSL;Нет;02. Сетевое оборудование
AM18446;Принт-сервер;Нет;02. Сетевое оборудование
AM21559;Прочее сетевое оборудование;Нет;02. Сетевое оборудование
AM18447;Сетевая карта;Нет;02. Сетевое оборудование
AM18450;Точка доступа;Нет;02. Сетевое оборудование
AM18451;Усилитель интернет-сигнала;Нет;02. Сетевое оборудование
AM18442;Устройства связи 3G/4G;Нет;02. Сетевое оборудование
AM23619;03. Софт, ИБП, Стабилизаторы;Да;02. Мониторы, Сетевое, ИБП, Софт
EM05429;ESD карты оплаты (конверты) – ПО;Нет;03. Софт, ИБП, Стабилизаторы
AM19783;Аксессуары к ИБП;Нет;03. Софт, ИБП, Стабилизаторы
AM18392;ИБП;Нет;03. Софт, ИБП, Стабилизаторы
AM18469;Программное обеспечение;Нет;03. Софт, ИБП, Стабилизаторы
AM18393;Стабилизатор напряжения;Нет;03. Софт, ИБП, Стабилизаторы
AM20792;03. Комплектующие;Да;03. IT Техника (Ноутбуки, Компьютеры, Комплектующие, Периферия)
AM20794;01. Комплектующие для сборки компьютера (основные), серверное оборуд;Да;03. Комплектующие
AM18166;Блок питания системного блока;Нет;01. Комплектующие для сборки компьютера (основные), серверное оборуд
AM18173;Видеокарта;Нет;01. Комплектующие для сборки компьютера (основные), серверное оборуд
AM18165;Корпус;Нет;01. Комплектующие для сборки компьютера (основные), серверное оборуд
AM18172;Материнская плата;Нет;01. Комплектующие для сборки компьютера (основные), серверное оборуд
AM18171;Оперативная память;Нет;01. Комплектующие для сборки компьютера (основные), серверное оборуд
AM18219;Процессор;Нет;01. Комплектующие для сборки компьютера (основные), серверное оборуд
AM18458;Серверное оборудование;Нет;01. Комплектующие для сборки компьютера (основные), серверное оборуд
AM18355;Устройство для охлаждения и моддинг;Нет;01. Комплектующие для сборки компьютера (основные), серверное оборуд
AM20796;02. Накопители информации, приводы и аксессуары ;Да;03. Комплектующие
AM18436;Внешнее хранилище;Нет;02. Накопители информации, приводы и аксессуары 
AM18217;Внешний диск;Нет;02. Накопители информации, приводы и аксессуары 
AM18212;Жесткий диск;Нет;02. Накопители информации, приводы и аксессуары 
AM21558;Звуковая карта;Нет;02. Накопители информации, приводы и аксессуары 
AM18341;Контроллеры и адаптеры;Нет;02. Накопители информации, приводы и аксессуары 
AM18345;Плата для видеомонтажа;Нет;02. Накопители информации, приводы и аксессуары 
AM18210;Привод/считыватель;Нет;02. Накопители информации, приводы и аксессуары 
AM18168;Твердотельный накопитель SSD;Нет;02. Накопители информации, приводы и аксессуары 
AM18351;Тюнер;Нет;02. Накопители информации, приводы и аксессуары 
AM18386;04. Периферия, Оргтехника, Расходные материалы;Да;03. IT Техника (Ноутбуки, Компьютеры, Комплектующие, Периферия)
AM18408;01. Печатающая, сканирующая техника;Да;04. Периферия, Оргтехника, Расходные материалы
AM23529;3D печать, сканирование;Нет;01. Печатающая, сканирующая техника
AM18412;МФУ Лазерное;Нет;01. Печатающая, сканирующая техника
AM18413;МФУ Струйное;Нет;01. Печатающая, сканирующая техника
EM04829;Опция для печатающей техники;Нет;01. Печатающая, сканирующая техника
AM18415;Принтер Лазерный;Нет;01. Печатающая, сканирующая техника
AM18416;Принтер Матричный;Нет;01. Печатающая, сканирующая техника
AM18417;Принтер Струйный;Нет;01. Печатающая, сканирующая техника
AM18419;Сканер;Нет;01. Печатающая, сканирующая техника
AM18277;Факс;Нет;01. Печатающая, сканирующая техника
EM03094;Широкоформатная техника (МФУ, Принтеры, Сканеры);Нет;01. Печатающая, сканирующая техника
AM18420;02. Расходные материалы;Да;04. Периферия, Оргтехника, Расходные материалы
AM18422;ЗИП (Запасные части И Принадлежности);Нет;02. Расходные материалы
AM18705;Картридж лазерный;Нет;02. Расходные материалы
AM18423;Картридж струйный;Нет;02. Расходные материалы
AM18273;Обложка для переплета;Нет;02. Расходные материалы
AM18421;Офисная бумага;Нет;02. Расходные материалы
AM18272;Пленка для ламинирования;Нет;02. Расходные материалы
AM18270;Пружина для переплета;Нет;02. Расходные материалы
AM23313;Расходные материалы для 3D принтеров;Нет;02. Расходные материалы
EM69009;Товары под внутренние нужды (Не использовать!);Нет;02. Расходные материалы
AM18704;Фотобумага и наклейки;Нет;02. Расходные материалы
AM18428;Чернила и тонер;Нет;02. Расходные материалы
AM23162;03. Оргтехника;Да;04. Периферия, Оргтехника, Расходные материалы
AM18123;Брошюровщик;Нет;03. Оргтехника
AM18275;Детектор банкнот;Нет;03. Оргтехника
AM18268;Интерактивное оборудование и экраны для проекторов;Нет;03. Оргтехника
AM22006;Калькулятор;Нет;03. Оргтехника
EM08477;Касса;Нет;03. Оргтехника
AM18274;Ламинатор;Нет;03. Оргтехника
AM24126;Офисная мебель;Нет;03. Оргтехника
AM23223;Принтер для печати наклеек;Нет;03. Оргтехника
AM18271;Принтер штрих-кода;Нет;03. Оргтехника
AM18310;Проекторы;Нет;03. Оргтехника
AM18319;Резак;Нет;03. Оргтехника
AM18318;Сканер штрих-кода;Нет;03. Оргтехника
AM18317;Счетчик банкнот;Нет;03. Оргтехника
AM18278;Телефоны стационарные (DECT и проводные);Нет;03. Оргтехника
EM02547;Терминал сбора данных;Нет;03. Оргтехника
AM18315;Уничтожитель;Нет;03. Оргтехника
EM03471;05. Комплектующие (СБОРКА);Да;03. IT Техника (Ноутбуки, Компьютеры, Комплектующие, Периферия)
EM03489;Комплектующая для сборки (СБОРКА);Нет;05. Комплектующие (СБОРКА)
AM24114;04. Бытовая техника (ТВ, КБТ, МБТ, Инструменты);Да;
AM18291;01. Телевизоры;Да;04. Бытовая техника (ТВ, КБТ, МБТ, Инструменты)
EM01866;Телевизор;Да;01. Телевизоры
AM18290;"Телевизоры 15""-27""";Нет;Телевизор
AM18520;"Телевизоры 28""-37""";Нет;Телевизор
AM18209;"Телевизоры 39""-43""";Нет;Телевизор
AM18521;"Телевизоры 46""-50""";Нет;Телевизор
AM26932;"Телевизоры 55""-58""";Нет;Телевизор
EM09487;"Телевизоры от 60""";Нет;Телевизор
AM29316;02. КБТ Отдельностоящая;Да;04. Бытовая техника (ТВ, КБТ, МБТ, Инструменты)
EM05723;КБТ Водонагреватели;Да;02. КБТ Отдельностоящая
EM05753;Водонагреватель газовый;Нет;КБТ Водонагреватели
AM19422;Водонагреватель электрический накопительный;Нет;КБТ Водонагреватели
EM09596;Водонагреватель электрический проточный;Нет;КБТ Водонагреватели
EM05724;КБТ Стиральные машины;Да;02. КБТ Отдельностоящая
AM26697;Встраиваемая стиральная машина;Нет;КБТ Стиральные машины
EM09647;Стиральная машина полуавтомат;Нет;КБТ Стиральные машины
EM09646;Стиральная машина с вертикальной загрузкой;Нет;КБТ Стиральные машины
AM19415;Стиральная машина с фронтальной загрузкой;Нет;КБТ Стиральные машины
AM22962;Сушильная машина;Нет;КБТ Стиральные машины
EM05722;КБТ Холодильники и морозильники;Да;02. КБТ Отдельностоящая
EM06984;Винный шкаф;Нет;КБТ Холодильники и морозильники
AM26698;Встраиваемый холодильник;Нет;КБТ Холодильники и морозильники
AM26313;Морозильный ларь;Нет;КБТ Холодильники и морозильники
AM20781;Морозильный шкаф;Нет;КБТ Холодильники и морозильники
EM06700;Холодильник - витрина;Нет;КБТ Холодильники и морозильники
AM29319;Холодильник многокамерный и Side by Side;Нет;КБТ Холодильники и морозильники
EM09650;Холодильник однокамерный компактный < 100см;Нет;КБТ Холодильники и морозильники
EM09649;Холодильник однокамерный полноразмерный >100см;Нет;КБТ Холодильники и морозильники
EM09648;Холодильник с верхней морозильной камерой;Нет;КБТ Холодильники и морозильники
AM19412;Холодильник с нижней морозильной камерой;Нет;КБТ Холодильники и морозильники
AM26858;03. КБТ Встраиваемая;Да;04. Бытовая техника (ТВ, КБТ, МБТ, Инструменты)
EM05725;КБТ Варочная поверхность;Да;03. КБТ Встраиваемая
EM09482;Варочная поверхность газовая 2 конфорочная;Нет;КБТ Варочная поверхность
AM26860;Варочная поверхность газовая 3+ конфорочная;Нет;КБТ Варочная поверхность
EM09483;Варочная поверхность индукционная 2 конфорочная;Нет;КБТ Варочная поверхность
EM03396;Варочная поверхность индукционная 3+ конфорочная;Нет;КБТ Варочная поверхность
EM09484;Варочная поверхность электрическая 2 конфорочная;Нет;КБТ Варочная поверхность
AM19416;Варочная поверхность электрическая 3+ конфорочная;Нет;КБТ Варочная поверхность
EM05730;КБТ Встраиваемая микроволновая печь;Да;03. КБТ Встраиваемая
AM26864;Встраиваемая микроволновая печь;Нет;КБТ Встраиваемая микроволновая печь
EM05729;КБТ Вытяжка;Да;03. КБТ Встраиваемая
AM19418;Вытяжка встраиваемая;Нет;КБТ Вытяжка
EM09486;Вытяжка каминная;Нет;КБТ Вытяжка
EM09485;Вытяжка подвесная;Нет;КБТ Вытяжка
EM05727;КБТ Духовой шкаф;Да;03. КБТ Встраиваемая
AM26280;Духовой шкаф газовый;Нет;КБТ Духовой шкаф
AM19417;Духовой шкаф электрический;Нет;КБТ Духовой шкаф
EM05726;КБТ Плиты;Да;03. КБТ Встраиваемая
AM20782;Плита газовая;Нет;КБТ Плиты
AM19413;Плита электрическая;Нет;КБТ Плиты
EM05728;КБТ Посудомоечная машина;Да;03. КБТ Встраиваемая
AM20780;Встраиваемая посудомоечная машина;Нет;КБТ Посудомоечная машина
AM19414;Посудомоечная машина;Нет;КБТ Посудомоечная машина
EM06518;КБТ Прочая встраиваемая техника;Да;03. КБТ Встраиваемая
EM06519;Прочая встраиваемая техника;Нет;КБТ Прочая встраиваемая техника
EM05712;04. МБТ Кухня;Да;04. Бытовая техника (ТВ, КБТ, МБТ, Инструменты)
AM19431;МБТ Для жарки и варки;Да;04. МБТ Кухня
AM30160;Блинница;Нет;МБТ Для жарки и варки
AM19438;Вафельница, Гриль, Сэндвичница;Нет;МБТ Для жарки и варки
AM19432;Микроволновая печь;Нет;МБТ Для жарки и варки
AM20753;Мультиварка;Нет;МБТ Для жарки и варки
AM19829;Прочая техника для жарки и варки;Нет;МБТ Для жарки и варки
AM20756;Тостер;Нет;МБТ Для жарки и варки
AM19437;Хлебопечь;Нет;МБТ Для жарки и варки
AM20755;Электрическая плитка;Нет;МБТ Для жарки и варки
AM30172;Электропечь;Нет;МБТ Для жарки и варки
AM19448;МБТ Для нарезки и смешивания;Да;04. МБТ Кухня
AM20759;Блендер Погружной;Нет;МБТ Для нарезки и смешивания
EM09455;Блендер Стационарный;Нет;МБТ Для нарезки и смешивания
AM30175;Кухонный комбайн, Измельчитель;Нет;МБТ Для нарезки и смешивания
AM19450;Миксер ручной;Нет;МБТ Для нарезки и смешивания
AM19452;Мясорубка;Нет;МБТ Для нарезки и смешивания
EM45169;Стационарный миксер, Кухонная машина;Нет;МБТ Для нарезки и смешивания
EM07910;МБТ Для приготовления кофе;Да;04. МБТ Кухня
AM19434;Кофеварка;Нет;МБТ Для приготовления кофе
AM20747;Кофемашина автоматическая;Нет;МБТ Для приготовления кофе
EM03351;Кофемашина капсульная;Нет;МБТ Для приготовления кофе
AM19449;Кофемолка;Нет;МБТ Для приготовления кофе
AM20742;МБТ Для приготовления напитков;Да;04. МБТ Кухня
EM01439;Диспенсер;Нет;МБТ Для приготовления напитков
AM19453;Соковыжималка;Нет;МБТ Для приготовления напитков
AM26921;Термопот;Нет;МБТ Для приготовления напитков
AM19436;Электрочайник;Нет;МБТ Для приготовления напитков
AM20743;МБТ Прочая кухонная техника;Да;04. МБТ Кухня
AM19451;Кухонные весы;Нет;МБТ Прочая кухонная техника
EM45237;Прочая кухонная техника;Нет;МБТ Прочая кухонная техника
AM30166;Сушилка для овощей и фруктов;Нет;МБТ Прочая кухонная техника
AM18161;05. МБТ Дом;Да;04. Бытовая техника (ТВ, КБТ, МБТ, Инструменты)
AM20745;МБТ Для уборки;Да;05. МБТ Дом
AM20760;Пароочиститель, Паровая швабра;Нет;МБТ Для уборки
AM19430;Пылесос;Нет;МБТ Для уборки
EM07228;Пылесос вертикальный;Нет;МБТ Для уборки
AM27460;Пылесосы-роботы;Нет;МБТ Для уборки
AM20744;МБТ Для ухода за одеждой;Да;05. МБТ Дом
AM19426;Отпариватель;Нет;МБТ Для ухода за одеждой
AM30156;Паровая станция;Нет;МБТ Для ухода за одеждой
AM30155;Сушилка для обуви;Нет;МБТ Для ухода за одеждой
AM19429;Утюг;Нет;МБТ Для ухода за одеждой
AM19428;Швейная машина;Нет;МБТ Для ухода за одеждой
EM07247;МБТ Зимний климат;Да;05. МБТ Дом
AM23625;Инфракрасный обогреватель;Нет;МБТ Зимний климат
AM20765;Конвектор;Нет;МБТ Зимний климат
AM19421;Маслонаполненный радиатор;Нет;МБТ Зимний климат
AM22937;Мягкое тепло;Нет;МБТ Зимний климат
AM20767;Тепловентилятор;Нет;МБТ Зимний климат
AM20749;МБТ Климат;Да;05. МБТ Дом
AM30928;Климатический комплекс;Нет;МБТ Климат
EM03360;Мойка воздуха;Нет;МБТ Климат
AM20768;Очиститель воздуха;Нет;МБТ Климат
AM19424;Увлажнитель воздуха;Нет;МБТ Климат
EM07248;МБТ Летний климат;Да;05. МБТ Дом
AM19552;Вентилятор бытовой;Нет;МБТ Летний климат
AM19420;Кондиционер;Нет;МБТ Летний климат
AM24442;Осушитель воздуха;Нет;МБТ Летний климат
AM19425;МБТ Прочая техника для дома;Да;05. МБТ Дом
AM21695;Прочая техника для дома;Нет;МБТ Прочая техника для дома
EM58757;Товары для ванной;Нет;МБТ Прочая техника для дома
AM24844;Умный дом;Нет;МБТ Прочая техника для дома
EM05720;06. МБТ Красота;Да;04. Бытовая техника (ТВ, КБТ, МБТ, Инструменты)
AM19439;МБТ Для красоты и здоровья;Да;06. МБТ Красота
AM19446;Весы напольные;Нет;МБТ Для красоты и здоровья
AM30164;Косметический прибор;Нет;МБТ Для красоты и здоровья
AM19441;Массажер;Нет;МБТ Для красоты и здоровья
AM30165;Массажная ванночка;Нет;МБТ Для красоты и здоровья
AM21684;Материнство и детство;Нет;МБТ Для красоты и здоровья
AM19444;Приборы для маникюра и педикюра;Нет;МБТ Для красоты и здоровья
AM19447;Радио и видеоняни;Нет;МБТ Для красоты и здоровья
AM22096;Тонометр, Термометр, Ингалятор;Нет;МБТ Для красоты и здоровья
AM19445;Электрическая зубная щетка;Нет;МБТ Для красоты и здоровья
AM20757;Электробритва;Нет;МБТ Для красоты и здоровья
AM20758;Эпилятор;Нет;МБТ Для красоты и здоровья
AM20746;МБТ Для ухода за волосами;Да;06. МБТ Красота
AM20761;Выпрямитель для волос;Нет;МБТ Для ухода за волосами
AM19443;Машинка для стрижки;Нет;МБТ Для ухода за волосами
AM30163;Стайлер;Нет;МБТ Для ухода за волосами
AM30162;Триммер;Нет;МБТ Для ухода за волосами
AM19440;Фен;Нет;МБТ Для ухода за волосами
AM30161;Фен-щетка;Нет;МБТ Для ухода за волосами
AM20762;Электрощипцы;Нет;МБТ Для ухода за волосами
AM24115;07. Инструмент;Да;04. Бытовая техника (ТВ, КБТ, МБТ, Инструменты)
AM24380;01. Электроинструмент;Да;07. Инструмент
AM24356;Аккумуляторная отвертка;Нет;01. Электроинструмент
EM45046;Алмазная дрель;Нет;01. Электроинструмент
EM45071;Вибрационная шлифмашина;Нет;01. Электроинструмент
AM26785;Гайковерт;Нет;01. Электроинструмент
AM26787;Гравировальные машинки;Нет;01. Электроинструмент
AM24122;Дисковая пила;Нет;01. Электроинструмент
AM24119;Дрель;Нет;01. Электроинструмент
EM04206;Дрель-миксер;Нет;01. Электроинструмент
AM26788;Клеевой пистолет;Нет;01. Электроинструмент
AM26829;Краскораспылитель электрический;Нет;01. Электроинструмент
EM45075;Ленточная шлифмашина;Нет;01. Электроинструмент
EM10847;Ленточнопильный станок;Нет;01. Электроинструмент
AM24123;Лобзик;Нет;01. Электроинструмент
EM63761;Лобзик стационарный;Нет;01. Электроинструмент
EM09661;Набор электроинструмента;Нет;01. Электроинструмент
EM10846;Настольная дисковая пила;Нет;01. Электроинструмент
EM10800;Ножницы электрические;Нет;01. Электроинструмент
AM26791;Отбойный молоток;Нет;01. Электроинструмент
EM04570;Отрезная пила;Нет;01. Электроинструмент
EM45049;Паяльная станция;Нет;01. Электроинструмент
AM26792;Паяльник электрический;Нет;01. Электроинструмент
AM24120;Перфоратор;Нет;01. Электроинструмент
EM10873;Пистолет для герметика;Нет;01. Электроинструмент
EM10930;Плиткорез;Нет;01. Электроинструмент
EM45074;Полировальная машина;Нет;01. Электроинструмент
EM45079;Прочие шлифовальные машины;Нет;01. Электроинструмент
EM45078;Прямошлифовальная машина;Нет;01. Электроинструмент
EM10844;Рейсмусовый станок;Нет;01. Электроинструмент
AM24369;Реноватор;Нет;01. Электроинструмент
AM26794;Рубанок электрический;Нет;01. Электроинструмент
AM26790;Сабельная пила;Нет;01. Электроинструмент
EM11015;Сверлильный станок;Нет;01. Электроинструмент
EM63760;Станок токарный;Нет;01. Электроинструмент
AM24366;Степлер электрический;Нет;01. Электроинструмент
AM24371;Строительный пылесос;Нет;01. Электроинструмент
AM24370;Строительный фен;Нет;01. Электроинструмент
AM26793;Торцовочная пила;Нет;01. Электроинструмент
AM26795;Точило;Нет;01. Электроинструмент
AM24121;Углошлифмашина;Нет;01. Электроинструмент
AM24365;Фрезер;Нет;01. Электроинструмент
AM26796;Штроборез;Нет;01. Электроинструмент
AM24118;Шуруповерт;Нет;01. Электроинструмент
AM24368;Эксцентриковая шлифмашина;Нет;01. Электроинструмент
EM04699;02. Ручной инструмент;Да;07. Инструмент
EM11024;Верстак;Нет;02. Ручной инструмент
EM56269;Газовая горелка;Нет;02. Ручной инструмент
EM45122;Губка шлифовальная;Нет;02. Ручной инструмент
AM26782;Изолента;Нет;02. Ручной инструмент
AM26783;Клей;Нет;02. Ручной инструмент
EM45084;Ключи;Нет;02. Ручной инструмент
EM01614;Мультитул;Нет;02. Ручной инструмент
AM27462;Набор инструментов для точных работ;Нет;02. Ручной инструмент
AM26821;Набор ручного инструмента;Нет;02. Ручной инструмент
EM45088;Отвёртки;Нет;02. Ручной инструмент
EM10638;Степлер механический;Нет;02. Ручной инструмент
EM01179;Топор;Нет;02. Ручной инструмент
AM26822;Торцевые головки;Нет;02. Ручной инструмент
EM45086;Шарнирно-губцевый инструмент;Нет;02. Ручной инструмент
AM26823;03. Пневматическое оборудование;Да;07. Инструмент
AM26824;Компрессоры;Нет;03. Пневматическое оборудование
EM45056;Краскораспылитель пневматический;Нет;03. Пневматическое оборудование
AM26825;Набор пневматического инструмента;Нет;03. Пневматическое оборудование
EM45066;Нейлер;Нет;03. Пневматическое оборудование
EM45053;Пневмогайковёрт;Нет;03. Пневматическое оборудование
EM45051;Пневмодрель;Нет;03. Пневматическое оборудование
EM45060;Пневмопистолет;Нет;03. Пневматическое оборудование
EM45055;Пневмотрещотка;Нет;03. Пневматическое оборудование
EM45059;Пневмошлифмашина;Нет;03. Пневматическое оборудование
EM45070;Прочий пневмоинструмент;Нет;03. Пневматическое оборудование
EM10205;04. Спецодежда и СИЗ;Да;07. Инструмент
EM63881;Жилет для инструмента;Нет;04. Спецодежда и СИЗ
EM45120;Каска;Нет;04. Спецодежда и СИЗ
EM67440;Кобура для шуруповерта;Нет;04. Спецодежда и СИЗ
AM26831;Маска сварочная;Нет;04. Спецодежда и СИЗ
EM67441;Наколенники;Нет;04. Спецодежда и СИЗ
EM45115;Наушники защитные;Нет;04. Спецодежда и СИЗ
EM03689;Очки защитные;Нет;04. Спецодежда и СИЗ
EM45094;Очки лазерные;Нет;04. Спецодежда и СИЗ
EM45114;Перчатки защитные;Нет;04. Спецодежда и СИЗ
EM45117;Перчатки сварщика (краги);Нет;04. Спецодежда и СИЗ
EM68366;Пояс страховочный;Нет;04. Спецодежда и СИЗ
EM45116;Респиратор;Нет;04. Спецодежда и СИЗ
EM45119;Штаны для защиты от порезов цепной пилой;Нет;04. Спецодежда и СИЗ
EM45118;Щиток лицевой;Нет;04. Спецодежда и СИЗ
AM24381;05. Аксессуары для электро и пневмо инструмента;Да;07. Инструмент
EM10835;Адаптер для коронок;Нет;05. Аксессуары для электро и пневмо инструмента
EM10866;Адаптер/переходник для перфораторов;Нет;05. Аксессуары для электро и пневмо инструмента
AM26833;Аккумуляторное оборудование для электроинструмента;Нет;05. Аксессуары для электро и пневмо инструмента
AM28706;Аксессуары для аппаратов высокого давления;Нет;05. Аксессуары для электро и пневмо инструмента
EM10855;Аксессуары для дисковых пил;Нет;05. Аксессуары для электро и пневмо инструмента
EM10864;Аксессуары для дрели алмазного сверления;Нет;05. Аксессуары для электро и пневмо инструмента
EM10853;Аксессуары для лобзиков;Нет;05. Аксессуары для электро и пневмо инструмента
EM10248;Аксессуары для паяльного оборудования;Нет;05. Аксессуары для электро и пневмо инструмента
EM11018;Аксессуары для пневматического оборудования;Нет;05. Аксессуары для электро и пневмо инструмента
EM10851;Аксессуары для рубанков;Нет;05. Аксессуары для электро и пневмо инструмента
EM10546;Аксессуары для строительных пылесосов;Нет;05. Аксессуары для электро и пневмо инструмента
EM10849;Аксессуары для торцовочных пил;Нет;05. Аксессуары для электро и пневмо инструмента
EM10818;Аксессуары для углошлифмашин;Нет;05. Аксессуары для электро и пневмо инструмента
EM10798;Аксессуары для фрезеров;Нет;05. Аксессуары для электро и пневмо инструмента
EM04706;Аксессуары для шуруповертов;Нет;05. Аксессуары для электро и пневмо инструмента
EM45092;Кейс для электроинструмента;Нет;05. Аксессуары для электро и пневмо инструмента
EM10895;Насадка для пылеудаления;Нет;05. Аксессуары для электро и пневмо инструмента
EM10830;Насадка для строительного фена;Нет;05. Аксессуары для электро и пневмо инструмента
EM10804;Патрон;Нет;05. Аксессуары для электро и пневмо инструмента
EM04604;Системы хранения инструмента;Нет;05. Аксессуары для электро и пневмо инструмента
EM10826;Строительное радио;Нет;05. Аксессуары для электро и пневмо инструмента
EM10823;Фонарь строительный;Нет;05. Аксессуары для электро и пневмо инструмента
EM10287;Шланг для аппарата высокого давления;Нет;05. Аксессуары для электро и пневмо инструмента
EM10250;Шланг для пневматического оборудования;Нет;05. Аксессуары для электро и пневмо инструмента
EM05755;06. Расходные материалы для электро и пневмо инструмента;Да;07. Инструмент
EM10206;Биты;Нет;06. Расходные материалы для электро и пневмо инструмента
EM10207;Бур для перфоратора;Нет;06. Расходные материалы для электро и пневмо инструмента
EM10229;Гвозди для степлера;Нет;06. Расходные материалы для электро и пневмо инструмента
EM10208;Диск для УШМ;Нет;06. Расходные материалы для электро и пневмо инструмента
EM67438;Диск лепестковый для Дрели;Нет;06. Расходные материалы для электро и пневмо инструмента
EM10209;Диск пильный;Нет;06. Расходные материалы для электро и пневмо инструмента
EM10827;Диск полировальный;Нет;06. Расходные материалы для электро и пневмо инструмента
EM10894;Долото для отбойного молотка;Нет;06. Расходные материалы для электро и пневмо инструмента
EM10791;Долото/зубило для перфоратора;Нет;06. Расходные материалы для электро и пневмо инструмента
EM10639;Жало паяльное;Нет;06. Расходные материалы для электро и пневмо инструмента
EM10803;Зенкер;Нет;06. Расходные материалы для электро и пневмо инструмента
EM10210;Клеевые стержни;Нет;06. Расходные материалы для электро и пневмо инструмента
EM10834;Коронка для перфоратора;Нет;06. Расходные материалы для электро и пневмо инструмента
EM10211;Коронки для дрели;Нет;06. Расходные материалы для электро и пневмо инструмента
EM45098;Ленты для ленточных шлифмашин;Нет;06. Расходные материалы для электро и пневмо инструмента
EM45101;Листы для виброшлифмашин;Нет;06. Расходные материалы для электро и пневмо инструмента
EM10233;Листы для эксцентриковых шлифмашин;Нет;06. Расходные материалы для электро и пневмо инструмента
EM03680;Масло для 2-х тактных двигателей;Нет;06. Расходные материалы для электро и пневмо инструмента
EM10235;Масло для 4-х тактных двигателей;Нет;06. Расходные материалы для электро и пневмо инструмента
EM10236;Масло для компрессоров;Нет;06. Расходные материалы для электро и пневмо инструмента
EM10237;Масло для пневмоинструмента;Нет;06. Расходные материалы для электро и пневмо инструмента
EM10238;Масло для смазки цепи;Нет;06. Расходные материалы для электро и пневмо инструмента
EM10867;Мешалка для дрель-миксера;Нет;06. Расходные материалы для электро и пневмо инструмента
EM10817;Насадка для прямошлифовальных машин;Нет;06. Расходные материалы для электро и пневмо инструмента
EM10213;Насадки для гравировальных машин;Нет;06. Расходные материалы для электро и пневмо инструмента
EM10214;Насадки для реноваторов;Нет;06. Расходные материалы для электро и пневмо инструмента
EM45007;Насадки для сверлильных станков;Нет;06. Расходные материалы для электро и пневмо инструмента
EM10796;Нож для рубанка;Нет;06. Расходные материалы для электро и пневмо инструмента
EM10886;Опорная тарелка;Нет;06. Расходные материалы для электро и пневмо инструмента
EM10225;Паяльная химия;Нет;06. Расходные материалы для электро и пневмо инструмента
EM10221;Пилки для электролобзика;Нет;06. Расходные материалы для электро и пневмо инструмента
EM10822;Пластина для шлифмашин;Нет;06. Расходные материалы для электро и пневмо инструмента
EM10809;Подошва для шлифмашин;Нет;06. Расходные материалы для электро и пневмо инструмента
EM10861;Полотно для ленточнопильного станка;Нет;06. Расходные материалы для электро и пневмо инструмента
EM10223;Полотно для сабельной пилы;Нет;06. Расходные материалы для электро и пневмо инструмента
EM10224;Припой для пайки;Нет;06. Расходные материалы для электро и пневмо инструмента
EM10881;Пылесборник для электроинструмента;Нет;06. Расходные материалы для электро и пневмо инструмента
EM45102;Расходка для прочих шлифовальных машин;Нет;06. Расходные материалы для электро и пневмо инструмента
EM10887;Расходник для ножниц по металлу;Нет;06. Расходные материалы для электро и пневмо инструмента
EM10839;Ремень приводной (для шлифмашин);Нет;06. Расходные материалы для электро и пневмо инструмента
EM10831;Ремкомплект для перфоратора;Нет;06. Расходные материалы для электро и пневмо инструмента
EM10234;Сверла;Нет;06. Расходные материалы для электро и пневмо инструмента
EM10806;Свеча зажигания для бензоинструмента;Нет;06. Расходные материалы для электро и пневмо инструмента
EM10228;Скобы для степлера;Нет;06. Расходные материалы для электро и пневмо инструмента
EM10815;Смазка для буров;Нет;06. Расходные материалы для электро и пневмо инструмента
EM10645;Средства очистки при работе с паяльным оборудованием;Нет;06. Расходные материалы для электро и пневмо инструмента
EM10642;Стеклотекстолит;Нет;06. Расходные материалы для электро и пневмо инструмента
EM45106;Точильный круг;Нет;06. Расходные материалы для электро и пневмо инструмента
EM10245;Универсальный набор оснастки;Нет;06. Расходные материалы для электро и пневмо инструмента
EM10247;Фреза;Нет;06. Расходные материалы для электро и пневмо инструмента
EM10785;Шурупная лента;Нет;06. Расходные материалы для электро и пневмо инструмента
EM10794;Щетка графитовая для электроинструмента;Нет;06. Расходные материалы для электро и пневмо инструмента
EM10813;Щетка для дрели;Нет;06. Расходные материалы для электро и пневмо инструмента
EM45156;07. Строительный крепёж;Да;07. Инструмент
EM65574;Анкеры;Нет;07. Строительный крепёж
EM65575;Болты;Нет;07. Строительный крепёж
EM65576;Винты;Нет;07. Строительный крепёж
EM65577;Гайки;Нет;07. Строительный крепёж
EM65580;Гвозди;Нет;07. Строительный крепёж
EM65573;Дюбели;Нет;07. Строительный крепёж
EM65585;Заклепки;Нет;07. Строительный крепёж
EM65581;Кляймеры;Нет;07. Строительный крепёж
EM65583;Крепежные углы;Нет;07. Строительный крепёж
EM65571;Саморезы;Нет;07. Строительный крепёж
EM65579;Скобы;Нет;07. Строительный крепёж
EM65584;Соединительные пластины;Нет;07. Строительный крепёж
EM65582;Хомуты;Нет;07. Строительный крепёж
EM65578;Шайбы;Нет;07. Строительный крепёж
EM65586;Шпильки;Нет;07. Строительный крепёж
EM65572;Шурупы;Нет;07. Строительный крепёж
EM45157;08. Строительное оборудование;Да;07. Инструмент
EM10871;Бензорез;Нет;08. Строительное оборудование
EM45228;Бетоносмеситель;Нет;08. Строительное оборудование
EM10857;Вибратор для бетона;Нет;08. Строительное оборудование
EM70189;Виброплита;Нет;08. Строительное оборудование
EM11022;Резчик электрический;Нет;08. Строительное оборудование
EM01181;Стремянка;Нет;08. Строительное оборудование
AM26852;09. Тепловые пушки;Да;07. Инструмент
AM30153;Тепловая завеса;Нет;09. Тепловые пушки
AM26853;Тепловые пушки газовые;Нет;09. Тепловые пушки
AM26854;Тепловые пушки дизельные;Нет;09. Тепловые пушки
AM26855;Тепловые пушки электрические;Нет;09. Тепловые пушки
AM26830;10. Силовое оборудование;Да;07. Инструмент
EM10929;Аппарат для сварки пластиковых труб;Нет;10. Силовое оборудование
AM24360;Сварочный аппарат;Нет;10. Силовое оборудование
AM26832;Электрогенератор;Нет;10. Силовое оборудование
AM26799;11. Измерительный инструмент;Да;07. Инструмент
EM09558;pH-метр;Нет;11. Измерительный инструмент
AM26800;Анемометр;Нет;11. Измерительный инструмент
AM26818;Видеоскоп;Нет;11. Измерительный инструмент
EM10299;Газоанализатор;Нет;11. Измерительный инструмент
AM26801;Детектор проводки;Нет;11. Измерительный инструмент
EM10300;Измерители параметров окружающей среды;Нет;11. Измерительный инструмент
EM10301;Измерители параметров электропитания;Нет;11. Измерительный инструмент
AM26802;Измеритель уровня влажности (влагомер, гигрометр);Нет;11. Измерительный инструмент
EM10307;Измеритель уровня электромагнитного фона;Нет;11. Измерительный инструмент
EM10302;Индикатор чередования фаз;Нет;11. Измерительный инструмент
AM26805;Лазерный дальномер;Нет;11. Измерительный инструмент
AM26806;Лазерный нивелир;Нет;11. Измерительный инструмент
EM10303;Люксметр;Нет;11. Измерительный инструмент
EM10304;Манометр;Нет;11. Измерительный инструмент
EM09657;Металлоискатель;Нет;11. Измерительный инструмент
EM63873;Микрометр;Нет;11. Измерительный инструмент
AM29584;Мультиметр;Нет;11. Измерительный инструмент
EM10305;Омметр;Нет;11. Измерительный инструмент
AM24357;Оптический нивелир;Нет;11. Измерительный инструмент
AM26809;Пирометр;Нет;11. Измерительный инструмент
EM11020;Пробник напряжения;Нет;11. Измерительный инструмент
EM65649;Рулетка;Нет;11. Измерительный инструмент
AM26812;Склерометр;Нет;11. Измерительный инструмент
EM10306;Тахометр;Нет;11. Измерительный инструмент
EM05137;Тепловизор;Нет;11. Измерительный инструмент
AM26814;Толщиномер;Нет;11. Измерительный инструмент
AM26815;Углоизмерительный прибор;Нет;11. Измерительный инструмент
AM26803;Шумомер;Нет;11. Измерительный инструмент
AM26846;12. Садовая техника;Да;07. Инструмент
AM24117;Аппарат высокого давления;Нет;12. Садовая техника
EM10860;Аэратор;Нет;12. Садовая техника
EM08610;Воздуходувка (садовый пылесос);Нет;12. Садовая техника
EM63698;Высоторез;Нет;12. Садовая техника
AM26847;Газонокосилка;Нет;12. Садовая техника
EM56234;Гидроаккумулятор;Нет;12. Садовая техника
EM51496;Дровокол;Нет;12. Садовая техника
EM01984;Измельчитель садовый;Нет;12. Садовая техника
EM06659;Культиватор;Нет;12. Садовая техника
EM05079;Кусторез;Нет;12. Садовая техника
EM45229;Мотоблок;Нет;12. Садовая техника
AM24367;Мотобур;Нет;12. Садовая техника
EM10723;Мотопомпа;Нет;12. Садовая техника
EM65652;Насос вибрационный;Нет;12. Садовая техника
AM26848;Насос дренажный;Нет;12. Садовая техника
EM65651;Насос поверхностный;Нет;12. Садовая техника
EM65653;Насос скважинный;Нет;12. Садовая техника
EM65654;Насосная станция;Нет;12. Садовая техника
EM51499;Опрыскиватель;Нет;12. Садовая техника
AM31546;Снегоуборщик;Нет;12. Садовая техника
AM26849;Триммер садовый;Нет;12. Садовая техника
AM26850;Цепная пила бензиновая;Нет;12. Садовая техника
AM26851;Цепная пила электрическая;Нет;12. Садовая техника
EM45158;13. Аксессуары для инструмента;Да;07. Инструмент
EM45095;Адаптер/крепление для измерительного инструмента;Нет;13. Аксессуары для инструмента
EM63697;Аккумуляторное оборудование для садовой техники;Нет;13. Аксессуары для инструмента
EM10870;Аксессуары для бензорезов;Нет;13. Аксессуары для инструмента
EM10883;Аксессуары для газонокосилок;Нет;13. Аксессуары для инструмента
EM10311;Аксессуары для газонокосилок-роботов;Нет;13. Аксессуары для инструмента
EM56230;Аксессуары для генераторов;Нет;13. Аксессуары для инструмента
EM10840;Аксессуары для садовых триммеров;Нет;13. Аксессуары для инструмента
EM10227;Аксессуары для сварочного оборудования;Нет;13. Аксессуары для инструмента
EM10891;Аксессуары для цепных пил;Нет;13. Аксессуары для инструмента
EM10890;Канистра;Нет;13. Аксессуары для инструмента
EM45097;Отражательные поверхности для измерительного инструмента;Нет;13. Аксессуары для инструмента
EM45093;Рейка нивелирная;Нет;13. Аксессуары для инструмента
AM26331;Штатив для измерительного инструмента;Нет;13. Аксессуары для инструмента
EM45159;14. Расходные материалы для инструмента;Да;07. Инструмент
EM56276;Газовый баллон;Нет;14. Расходные материалы для инструмента
EM10217;Головка для триммера садового;Нет;14. Расходные материалы для инструмента
EM01332;Диск для триммера садового;Нет;14. Расходные материалы для инструмента
EM10252;Леска для триммеров;Нет;14. Расходные материалы для инструмента
EM10230;Напильник для цепной пилы;Нет;14. Расходные материалы для инструмента
EM10216;Нож для газонокосилки;Нет;14. Расходные материалы для инструмента
EM10220;Нож для триммера садового;Нет;14. Расходные материалы для инструмента
EM11017;Проволока сварочная;Нет;14. Расходные материалы для инструмента
EM10239;Смазка редуктора триммера;Нет;14. Расходные материалы для инструмента
AM28489;Цепь пильная;Нет;14. Расходные материалы для инструмента
EM10231;Шина для цепной пилы;Нет;14. Расходные материалы для инструмента
AM28462;Шнек для мотобура;Нет;14. Расходные материалы для инструмента
AM30919;Электроды;Нет;14. Расходные материалы для инструмента
AM27031;15. Прочее;Да;07. Инструмент
EM01159;Адаптер/Соединитель;Нет;15. Прочее
EM01161;Комплекты для полива;Нет;15. Прочее
EM01706;Мебель для пикника;Нет;15. Прочее
EM01708;Набор для пикника;Нет;15. Прочее
EM01169;Разбрызгиватель/Дождеватель;Нет;15. Прочее
EM01080;Распылитель;Нет;15. Прочее
AM26327;Ручной инструмент;Нет;15. Прочее
EM01183;Садово-посадочный инструмент;Нет;15. Прочее
AM26338;Силовое оборудование и аксессуары к нему;Нет;15. Прочее
AM26339;Спецодежда;Нет;15. Прочее
EM02128;Теплый пол;Нет;15. Прочее
EM01678;Товары для шашлыка;Нет;15. Прочее
EM01174;Уход за садом;Нет;15. Прочее
EM01171;Шланги поливочные и катушки;Нет;15. Прочее
AM30924;Штучная оснастка;Нет;15. Прочее
AM26765;Эхолот;Нет;15. Прочее
EM59533;05. Прочее;Да;
AM19970;01. Автотовары;Да;05. Прочее
AM26711;01. Автосигнализация;Да;01. Автотовары
AM26736;Автосигнализация;Нет;01. Автосигнализация
AM26749;02. Аксессуары салонные;Да;01. Автотовары
AM26751;Автомобильный монитор;Нет;02. Аксессуары салонные
AM26748;Алкотестер;Нет;02. Аксессуары салонные
AM26927;Детское автомобильное кресло;Нет;02. Аксессуары салонные
AM26756;Диагностический адаптер;Нет;02. Аксессуары салонные
AM26769;Камера заднего вида;Нет;02. Аксессуары салонные
AM26757;Коврик на приборную панель;Нет;02. Аксессуары салонные
AM26759;Маршрутный компьютер;Нет;02. Аксессуары салонные
EM10283;Мотогарнитура;Нет;02. Аксессуары салонные
EM04831;Пылесос автомобильный;Нет;02. Аксессуары салонные
AM26762;Разветвитель автомобильного прикуривателя;Нет;02. Аксессуары салонные
AM29456;Чехлы на сиденья;Нет;02. Аксессуары салонные
AM26770;03. Автопринадлежности;Да;01. Автотовары
EM01588;Автобагажник;Нет;03. Автопринадлежности
AM26771;Автокомпрессор;Нет;03. Автопринадлежности
EM45450;Аксессуар для крепления;Нет;03. Автопринадлежности
EM45449;Грузовой бокс;Нет;03. Автопринадлежности
AM26774;Домкрат;Нет;03. Автопринадлежности
AM26777;ПЗУ, Зарядное устройство;Нет;03. Автопринадлежности
AM26776;Преобразователь напряжения;Нет;03. Автопринадлежности
AM26779;Стартовые провода;Нет;03. Автопринадлежности
AM26353;04. Автосвет;Да;01. Автотовары
AM26732;Блок розжига;Нет;04. Автосвет
AM26723;Галогеновая лампа;Нет;04. Автосвет
AM26728;Дневные ходовые огни;Нет;04. Автосвет
AM26725;Ксеноновая лампа;Нет;04. Автосвет
AM26724;Лампа накаливания;Нет;04. Автосвет
AM26729;Линзы;Нет;04. Автосвет
AM26726;Светодиодная лампа;Нет;04. Автосвет
AM26931;05. Прочее;Да;01. Автотовары
AM29792;Автоаксессуары наружные;Нет;05. Прочее
AM26772;Автомобильный аккумулятор;Нет;05. Прочее
AM30909;Автоодеяло;Нет;05. Прочее
AM18152;Аксессуары автоэлектроника;Нет;05. Прочее
EM04124;Аксессуары для автозвука;Нет;05. Прочее
AM29457;Коврик салона;Нет;05. Прочее
EM45448;Крепление;Нет;05. Прочее
EM01623;Наклейка для автомобиля;Нет;05. Прочее
AM29458;Оплетка на руль;Нет;05. Прочее
AM26893;Органайзер автомобильный;Нет;05. Прочее
AM26747;Очки для водителей;Нет;05. Прочее
AM26761;Парковочный радар;Нет;05. Прочее
AM26719;Переходная рамка;Нет;05. Прочее
AM31528;Светоотражающий элемент;Нет;05. Прочее
AM26778;Сигнал звуковой;Нет;05. Прочее
AM26780;Щетка стеклоочистителя;Нет;05. Прочее
AM18558;не использовать;Да;
AM18453;!Товары для внутреннего использования / самостоятельного закупа;Да;не использовать
AM22010;Аккумулятор для ноутбуков;Нет;!Товары для внутреннего использования / самостоятельного закупа
AM19276;Аксессуар для монитора/ноутбука;Нет;!Товары для внутреннего использования / самостоятельного закупа
AM18431;Коммутационное оборудование для внутреннего использования;Нет;!Товары для внутреннего использования / самостоятельного закупа
AM20614;Расходные материалы для принтеров ШК/наклеек;Нет;!Товары для внутреннего использования / самостоятельного закупа
AM22108;Торговое оборудование;Нет;!Товары для внутреннего использования / самостоятельного закупа
AM26859;00. БТ;Да;не использовать
AM29315;КБТ Плиты и Духовые шкафы;Да;00. БТ
EM07911;МБТ С истекшим сроком годности;Да;00. БТ
EM07225;Кофемашина капсульная (Срок годности);Нет;МБТ С истекшим сроком годности
EM07289;Фильтры-кувшины (Срок годности);Нет;МБТ С истекшим сроком годности
AM21591;Аксессуары для Плит и варочных поверхностей;Нет;00. БТ
AM19433;Аэрогриль;Нет;00. БТ
AM26863;Варочная поверхность комбинированная (не использовать);Нет;00. БТ
AM26867;Винный шкаф (не использовать);Нет;00. БТ
AM26304;Водонагреватель газовый (не использовать);Нет;00. БТ
AM29352;Встраиваемая кофемашина (не использовать);Нет;00. БТ
AM29353;Встраиваемая пароварка (не использовать);Нет;00. БТ
AM26348;Встраиваемый комплект (не исполльзовать);Нет;00. БТ
AM26868;Встраиваемый морозильный шкаф (не использовать);Нет;00. БТ
AM29378;Вытяжка встраиваемая (не использовать);Нет;00. БТ
AM29377;Вытяжка каминная (не использовать);Нет;00. БТ
AM29379;Вытяжка подвесная (не использовать);Нет;00. БТ
AM30157;Гриль;Нет;00. БТ
AM29907;Для безопасности дома;Нет;00. БТ
AM30173;Измельчитель, Ломтерезка;Нет;00. БТ
AM30170;Йогуртница;Нет;00. БТ
AM30174;Ломтерезка;Нет;00. БТ
AM19435;Пароварка;Нет;00. БТ
AM26866;Плита комбинированная (не использовать);Нет;00. БТ
AM30171;Фритюрница;Нет;00. БТ
AM29453;Холодильник компактный (не использовать);Нет;00. БТ
AM30158;Электрошашлычница;Нет;00. БТ
EM10184;000. ЗИП;Да;не использовать
EM10392;АКБ;Да;000. ЗИП
EM45467;АКБ для ноутбуков;Нет;АКБ
EM45010;АКБ для планшетов;Нет;АКБ
EM10393;АКБ для смартфонов;Нет;АКБ
EM10403;Аксессуары;Да;000. ЗИП
EM10402;Аксессуары для планшета;Нет;Аксессуары
EM10396;Запчасти ноутбуков;Да;000. ЗИП
EM59499;Клавиатуры ноутбуков;Нет;Запчасти ноутбуков
EM59497;Матрицы для ноутбуков;Нет;Запчасти ноутбуков
EM10408;Запчасти планшетов;Да;000. ЗИП
EM45011;LCD для планшета;Нет;Запчасти планшетов
EM45014;Камеры для Планшета;Нет;Запчасти планшетов
EM45012;Модуль LCD+TP для планшета;Нет;Запчасти планшетов
EM45015;Расширения (платы/шлейфы) для Планшета;Нет;Запчасти планшетов
EM45013;Сенсорная панель (TP) для планшета;Нет;Запчасти планшетов
EM45016;Шлейф-кнопка для Планшета;Нет;Запчасти планшетов
EM10389;Запчасти смартфонов;Да;000. ЗИП
EM10185;LCD для смартфонов;Нет;Запчасти смартфонов
EM10423;Антенны и модули связи;Нет;Запчасти смартфонов
EM10409;Антенный кабель (RF) для смартфона;Нет;Запчасти смартфонов
EM10419;Датчик Touch ID для смартфона;Нет;Запчасти смартфонов
EM10406;Динамики, микрофоны, вибромоторы для смартфонов;Нет;Запчасти смартфонов
EM10397;Задняя часть/крышка корпуса смартфона;Нет;Запчасти смартфонов
EM10407;Камеры для смартфона;Нет;Запчасти смартфонов
EM10398;Кнопка/заглушка/прочее смартфона;Нет;Запчасти смартфонов
EM10706;Компоненты для смартфонов;Нет;Запчасти смартфонов
EM10399;Лоток сим для смартфона (корпус);Нет;Запчасти смартфонов
EM10404;Материнские платы смартфонов;Нет;Запчасти смартфонов
EM10390;Модуль LCD+TP для смартфонов;Нет;Запчасти смартфонов
EM10401;Передняя часть корпуса смартфона;Нет;Запчасти смартфонов
EM10405;Расширения (платы/шлейфы) для смартфона;Нет;Запчасти смартфонов
EM10391;Сенсорная панель (TP) для смартфонов;Нет;Запчасти смартфонов
EM10410;Соединительный шлейф;Нет;Запчасти смартфонов
EM10400;Средняя часть корпуса смартфона;Нет;Запчасти смартфонов
EM10418;Шлейф-кнопка для смартфона;Нет;Запчасти смартфонов
EM10598;ЗИП (для ценообразования);Нет;000. ЗИП
EM10466;Клавиатура для смартфона;Нет;000. ЗИП
AM18387;01. USB Flash;Да;не использовать
AM18292;01. Видео;Да;не использовать
AM20772;01. Видеорегистратор;Да;не использовать
AM18220;01. Компьютеры;Да;не использовать
AM18334;02. Аксессуары ТВ;Да;не использовать
EM08537;Аксессуар ТВ (для тестирования);Нет;02. Аксессуары ТВ
AM18389;02. ИБП, Стабилизаторы;Да;не использовать
AM18177;02. Моноблок, готовый комплект;Да;не использовать
AM24124;02. Офисная мебель;Да;не использовать
AM18391;Держатель;Нет;02. Офисная мебель
EM10468;Стол;Нет;02. Офисная мебель
AM24127;Стол компьютерный;Нет;02. Офисная мебель
AM23777;02. Расходные материалы;Да;не использовать
AM18157;03. GPS Навигатор;Да;не использовать
AM21055;03. Микрофоны;Да;не использовать
AM18394;03. Сетевые фильтры;Да;не использовать
AM20769;04. Акустические системы;Да;не использовать
AM18148;04. Игрушки, полезные мелочи;Да;не использовать
AM18287;Аксессуары для игровых консолей (старая);Нет;04. Игрушки, полезные мелочи
AM30806;Аксессуары для консоли Nintendo;Нет;04. Игрушки, полезные мелочи
AM30807;Игра для консоли Nintendo;Нет;04. Игрушки, полезные мелочи
AM27454;Игра для стац. консоли Microsoft;Нет;04. Игрушки, полезные мелочи
AM27455;Игра для стац. консоли Sony;Нет;04. Игрушки, полезные мелочи
AM27456;Игра для стац. консоли Прочее (старая);Нет;04. Игрушки, полезные мелочи
AM30804;Игровая консоль Nintendo;Нет;04. Игрушки, полезные мелочи
AM27446;Игровая консоль стац. Microsoft;Нет;04. Игрушки, полезные мелочи
AM27447;Игровая консоль стац. Sony;Нет;04. Игрушки, полезные мелочи
AM18401;Игровой контроллер (старая);Нет;04. Игрушки, полезные мелочи
AM18286;Игровые консоли стационарные (старая);Нет;04. Игрушки, полезные мелочи
AM23951;Игрушки, радиоуправляемая техника (старая);Нет;04. Игрушки, полезные мелочи
AM18559;Игры (старая);Нет;04. Игрушки, полезные мелочи
AM27453;Игры для прочих консолей;Нет;04. Игрушки, полезные мелочи
AM30809;Настольная игра Pokemon;Нет;04. Игрушки, полезные мелочи
EM08109;Ретро (не используем);Нет;04. Игрушки, полезные мелочи
AM18284;04. Медиаплееры, тюнеры;Да;не использовать
AM21573;Комплект спутникового ТВ (не использовать);Нет;04. Медиаплееры, тюнеры
AM20269;Комплекты спутникового ТВ (не использовать);Нет;04. Медиаплееры, тюнеры
AM21570;Стереоочки 3D (не использовать);Нет;04. Медиаплееры, тюнеры
AM26889;04. Микрокомпьютеры и DIY;Да;не использовать
AM18218;04. Накопители информации, приводы и акссесуары;Да;не использовать
AM18215;Внешний оптический привод;Нет;04. Накопители информации, приводы и акссесуары
AM18126;04. Проекторы и аксессуары;Да;не использовать
EM01067;04. Садовый и поливочный инвентарь;Да;не использовать
AM24102;05. Аудио-аксессуары;Да;не использовать
EM10181;05. Запчасти сервисных центров;Да;не использовать
AM18167;05. Корпуса, блоки питания;Да;не использовать
AM26308;05. Операторские комплекты;Да;не использовать
AM18323;06. Акустические системы (Колонки, Сабвуферы, Усилители);Да;не использовать
AM21054;z;Нет;06. Акустические системы (Колонки, Сабвуферы, Усилители)
AM21535;Саундбар (Звуковая панель) (не использовать);Нет;06. Акустические системы (Колонки, Сабвуферы, Усилители)
AM18333;Саундбары, домашние акустические системы;Нет;06. Акустические системы (Колонки, Сабвуферы, Усилители)
AM24105;Чехлы для наушников (не использовать);Нет;06. Акустические системы (Колонки, Сабвуферы, Усилители)
AM18164;06. Монитор;Да;не использовать
AM24247;МониторНеиспользовать;Нет;06. Монитор
AM24125;07. Автотовары;Да;не использовать
AM18297;05. Автозвук;Да;07. Автотовары
AM18150;Разветвитель автомобильного прикуривателя;Нет;05. Автозвук
AM26354;11. Технические жидкости;Да;07. Автотовары
AM20773;Аксессуары наружные;Да;07. Автотовары
AM24128;!шаблон;Нет;07. Автотовары
AM26373;авто шины;Нет;07. Автотовары
AM26766;Автоантенна;Нет;07. Автотовары
EM03355;Автобокс;Нет;07. Автотовары
AM19345;Автозвук-аксессуары;Нет;07. Автотовары
AM26750;Автомобильная радиостанция;Нет;07. Автотовары
AM26374;Автомобильная шина;Нет;07. Автотовары
AM26715;Автомобильные сабвуферные динамики;Нет;07. Автотовары
AM26767;Автомобильный тент ;Нет;07. Автотовары
AM26752;Автомобильный тепловентилятор;Нет;07. Автотовары
AM26350;Автосвет прочее;Нет;07. Автотовары
AM26753;Автосувенир;Нет;07. Автотовары
AM26754;Автотермометр;Нет;07. Автотовары
AM26717;Адаптер рулевого управления ;Нет;07. Автотовары
EM03356;Аксессуары для креплений;Нет;07. Автотовары
AM26773;Антипробуксовочная лента ;Нет;07. Автотовары
AM26734;Антифриз ;Нет;07. Автотовары
AM26731;Блок обманка ;Нет;07. Автотовары
AM26755;Гаражный датчик парковки;Нет;07. Автотовары
AM26739;Датчик воздействия;Нет;07. Автотовары
AM26740;Замок капота;Нет;07. Автотовары
AM26758;Контроллер светодиодной ленты;Нет;07. Автотовары
EM03104;Крепления на рейлинги;Нет;07. Автотовары
AM26768;Лента стеклоочистителя ;Нет;07. Автотовары
AM26775;Масленка ;Нет;07. Автотовары
AM26760;Модуль увеличения мощности ;Нет;07. Автотовары
AM26738;Модуль управления;Нет;07. Автотовары
AM28521;Насадка на глушитель;Нет;07. Автотовары
AM26733;Неоновая подсветка;Нет;07. Автотовары
EM03826;Огнетушитель;Нет;07. Автотовары
AM26894;Пленка тонировочная;Нет;07. Автотовары
AM26720;Портативный ТВ;Нет;07. Автотовары
AM26744;Приемник GPS;Нет;07. Автотовары
AM26727;Противотуманная фара;Нет;07. Автотовары
AM27944;Светодиодная лента;Нет;07. Автотовары
AM26763;Система контроля давления в шинах ;Нет;07. Автотовары
AM26745;Система охраны GSM;Нет;07. Автотовары
AM26742;Системы оповещения;Нет;07. Автотовары
AM26730;Стоп-сигнал ;Нет;07. Автотовары
AM26355;Технические жидкости;Нет;07. Автотовары
AM26735;Трансмиссионное масло ;Нет;07. Автотовары
AM28675;удалить;Нет;07. Автотовары
AM26784;Холодная сварка;Нет;07. Автотовары
AM29459;Чехлы для колес;Нет;07. Автотовары
AM26764;Чехол для GPS;Нет;07. Автотовары
AM26781;Электрическая лебедка;Нет;07. Автотовары
AM18129;07. Музыкальное оборудование;Да;не использовать
AM26835;07. Осветительное оборудование;Да;не использовать
AM26836;Блок питания светодиодной ленты;Нет;07. Осветительное оборудование
AM26837;Контроллер светодиодной ленты;Нет;07. Осветительное оборудование
AM26838;Лампа освещения G10;Нет;07. Осветительное оборудование
AM26839;Лампа освещения G5.3;Нет;07. Осветительное оборудование
AM26840;Лампа освещения Е14;Нет;07. Осветительное оборудование
AM26841;Лампа освещения Е27;Нет;07. Осветительное оборудование
AM26842;Прожектор;Нет;07. Осветительное оборудование
AM26843;Светодиодная лента;Нет;07. Осветительное оборудование
AM26844;Светодиодная панель;Нет;07. Осветительное оборудование
AM26845;Фонарь не использовать;Нет;07. Осветительное оборудование
AM18357;08. Считыватели;Да;не использовать
AM18362;09. Кабельная продукция и коммутационное оборудование;Да;не использовать
AM19389;Витая пара метражом;Нет;09. Кабельная продукция и коммутационное оборудование
AM18124;09. Оргтехника;Да;не использовать
AM18276;АТС;Нет;09. Оргтехника
AM18411;Копировальный аппарат;Нет;09. Оргтехника
AM22162;Крепления для проекторов;Нет;09. Оргтехника
AM18316;Телефон системный;Нет;09. Оргтехника
AM18314;09. Проекционное, интерактивное оборудование;Да;не использовать
EM10204;09. Расходные материалы для инструмента;Да;не использовать
AM18467;09. Софт;Да;не использовать
AM18366;10. Оптические, магнитные носители, боксы, футляры для CD;Да;не использовать
AM20779;10. Осветительное оборудование;Да;не использовать
AM18373;11. Батарейки, аккумуляторы стандартные, зарядные устройства, фонари;Да;не использовать
AM18267;11. ТЕХНОПОИНТ СДЕЛАЙ САМ (НЕ УДАЛЯТЬ!!!!!!!);Да;не использовать
AM26328;Аксессуары (измерительные);Нет;11. ТЕХНОПОИНТ СДЕЛАЙ САМ (НЕ УДАЛЯТЬ!!!!!!!)
AM26329;Водоустановочные изделия;Нет;11. ТЕХНОПОИНТ СДЕЛАЙ САМ (НЕ УДАЛЯТЬ!!!!!!!)
AM26330;Газовое, жидко- и твердотопливное оборудование;Нет;11. ТЕХНОПОИНТ СДЕЛАЙ САМ (НЕ УДАЛЯТЬ!!!!!!!)
AM26332;Наборы оснастки;Нет;11. ТЕХНОПОИНТ СДЕЛАЙ САМ (НЕ УДАЛЯТЬ!!!!!!!)
AM26834;Наборы оснастки для электроинструмента (биты, сверла, пилки);Нет;11. ТЕХНОПОИНТ СДЕЛАЙ САМ (НЕ УДАЛЯТЬ!!!!!!!)
AM26366;Обувь;Нет;11. ТЕХНОПОИНТ СДЕЛАЙ САМ (НЕ УДАЛЯТЬ!!!!!!!)
AM26367;ошибк;Нет;11. ТЕХНОПОИНТ СДЕЛАЙ САМ (НЕ УДАЛЯТЬ!!!!!!!)
AM26334;Пневматическое оборудование;Нет;11. ТЕХНОПОИНТ СДЕЛАЙ САМ (НЕ УДАЛЯТЬ!!!!!!!)
AM26335;Покрасочное оборудование;Нет;11. ТЕХНОПОИНТ СДЕЛАЙ САМ (НЕ УДАЛЯТЬ!!!!!!!)
AM26336;шаблон;Нет;11. ТЕХНОПОИНТ СДЕЛАЙ САМ (НЕ УДАЛЯТЬ!!!!!!!)
AM18378;12. Чистящие средства;Да;не использовать
AM18229;3. Мобильная электроника;Да;не использовать
AM26977;Бридж - камеры;Нет;3. Мобильная электроника
AM26746;Аксессуары для водителя;Да;не использовать
AM21586;Бытовая химия для БТ;Да;не использовать
AM30948;Капсулы для стирки;Нет;Бытовая химия для БТ
AM30950;Кондиционеры и гель для стирки;Нет;Бытовая химия для БТ
AM22011;Мебель;Нет;Бытовая химия для БТ
AM30951;Порошок, соль и другие средства для посудомоечных машин и стиральных машин;Нет;Бытовая химия для БТ
AM20751;Пылесборники для пылесосов не использывать ;Нет;Бытовая химия для БТ
AM30952;Средства для плит, духовых шкафов и холодильников;Нет;Бытовая химия для БТ
AM30949;Стиральный порошок;Нет;Бытовая химия для БТ
AM23954;Таблетки, капсулы для Посудомоечных Машин;Нет;Бытовая химия для БТ
EM00295;Инструмент;Да;не использовать
AM26819;03. Ручной инструмент;Да;Инструмент
AM26827;05. Покрасочное оборудование;Да;Инструмент
EM01627;10. Шаблон;Да;Инструмент
AM24361;!Генератор;Нет;Инструмент
AM24362;!Рубанок;Нет;Инструмент
AM24363;!Тепловая пушка;Нет;Инструмент
AM26340;!Электрический инструмент;Нет;Инструмент
EM01628;Изотермическая сумка;Нет;Инструмент
EM01173;Катушки для шлангов;Нет;Инструмент
AM26820;Коврики защитные нарабочее место;Нет;Инструмент
AM26804;Колесо измерительное;Нет;Инструмент
AM24358;Лазерный дальномер дубль!;Нет;Инструмент
AM26807;Лента геодезическая;Нет;Инструмент
AM26808;Мультиметр;Нет;Инструмент
AM24372;Набор инструментов;Нет;Инструмент
AM26826;Наборы пневматического оборудования;Нет;Инструмент
AM24116;Оснастка;Нет;Инструмент
AM26810;Приемник луча построителей;Нет;Инструмент
AM26811;Рейка нивелирная;Нет;Инструмент
EM04207;Рейсмусовый станок;Нет;Инструмент
AM26337;Садовая техника и поливочный инвентарь;Нет;Инструмент
AM26813;Тестер напряжения;Нет;Инструмент
AM26816;Уровень;Нет;Инструмент
AM26789;Шлифмашина ленточная;Нет;Инструмент
AM26797;Шлифмашина эксцентриковая;Нет;Инструмент
AM26817;Штатив для геодезического оборудования;Нет;Инструмент
AM26798;Электроплиткорез;Нет;Инструмент
AM18380;Комплектующие для сборки монитора;Да;не использовать
AM18381;Кабели и шлейфы;Нет;Комплектующие для сборки монитора
AM18382;Корпус монитора;Нет;Комплектующие для сборки монитора
AM18383;Материнская плата монитора;Нет;Комплектующие для сборки монитора
AM18384;Матрица;Нет;Комплектующие для сборки монитора
AM18385;Плата питания монитора;Нет;Комплектующие для сборки монитора
AM21588;Кухонная утварь;Да;не использовать
AM29563;+22;Нет;Кухонная утварь
AM18247;не использовать;Да;не использовать
AM18174;Не использовать;Да;не использовать
AM20795;1111;Нет;не использовать
AM27147;Автокомпрессор (не использовать);Нет;не использовать
AM18263;Аккумулятор для мобильных устройств (не использовать);Нет;не использовать
AM18262;Аксессуар;Нет;не использовать
AM27449;Аксессуар для порт. консоли;Нет;не использовать
AM18261;Брелок;Нет;не использовать
AM18309;Держатель для мобильных устройств;Нет;не использовать
AM27448;Игровая консоль стац. Прочее;Нет;не использовать
AM18306;Кабель для мобильных устройств;Нет;не использовать
AM18251;КПК;Нет;не использовать
AM18256;Модуль расширения для планшетов;Нет;не использовать
EM10191;Не использовать 1;Нет;не использовать
EM10193;Не использовать 2;Нет;не использовать
EM10195;Не использовать 3;Нет;не использовать
AM23876;Очки виртуальной реальности и геймерские;Нет;не использовать
AM18305;Перчатки для емкостных экранов;Нет;не использовать
AM18303;Портативный аккумулятор (не использовать);Нет;не использовать
AM18448;Система видеонаблюдения;Нет;не использовать
AM18302;Стилус;Нет;не использовать
AM18301;Фонарь для электронных книг;Нет;не использовать
AM18227;не использовать;Да;не использовать
AM18197;Батарейный блок;Нет;не использовать
AM18196;Бленда;Нет;не использовать
EM03459;Блок питания системного блока (СБОРКА);Нет;не использовать
AM18186;Виброплеер;Нет;не использовать
EM03460;Видеокарта (СБОРКА);Нет;не использовать
EM03466;Жесткий диск (СБОРКА);Нет;не использовать
AM18195;Зарядное устройство для фото/видео камер;Нет;не использовать
AM18194;Защитная крышка для объектива;Нет;не использовать
AM18193;Защитная крышка для экранов фото;Нет;не использовать
AM18192;Конвертер;Нет;не использовать
EM03461;Корпус (СБОРКА);Нет;не использовать
EM03462;Материнская плата (СБОРКА);Нет;не использовать
EM03463;Оперативная память (СБОРКА);Нет;не использовать
AM18190;Пленка защитная для фото камер;Нет;не использовать
AM18239;Подводный бокс для фото/видео камер;Нет;не использовать
AM18184;Портативная аудиосистема;Нет;не использовать
EM03467;Привод/считыватель (СБОРКА);Нет;не использовать
EM03464;Процессор (СБОРКА);Нет;не использовать
AM18237;Пульт ДУ для фотоаппаратов;Нет;не использовать
AM18236;Рассеиватель ;Нет;не использовать
AM18226;Рюкзак для фото/видео камеры;Нет;не использовать
EM03468;Твердотельный накопитель SSD (СБОРКА);Нет;не использовать
EM03465;Устройство для охлаждения и моддинг (СБОРКА);Нет;не использовать
AM18235;Фото пленка;Нет;не использовать
AM18224;Чехол для аудиоплеера;Нет;не использовать
AM18189;Электронный переводчик;Нет;не использовать
AM18938;не использовать Бытовая Техника;Да;не использовать
AM19411;01. КБ Техника для дома и кухни;Да;не использовать Бытовая Техника
AM19419;03. КБ Климатическое оборудование;Да;не использовать Бытовая Техника
AM20739;03. КБТ Встраиваемая;Да;не использовать Бытовая Техника
AM20754;04. Аксессуары для КБТ;Да;не использовать Бытовая Техника
AM19423;Всесезонная климатическая техника;Да;не использовать Бытовая Техника
AM20748;Техника для летнего климата;Да;не использовать Бытовая Техника
AM19086;КБ Встраиваемая техника;Нет;не использовать Бытовая Техника
AM19089;КБ Климатическое оборудование;Нет;не использовать Бытовая Техника
AM19087;КБ Техника для дома и кухни;Нет;не использовать Бытовая Техника
AM19371;МБ Климатическое оборудование;Нет;не использовать Бытовая Техника
AM19370;МБ Осветительные приборы и источники света;Нет;не использовать Бытовая Техника
AM19290;МБ Техника для дома;Нет;не использовать Бытовая Техника
AM19088;МБ Техника для жарки и варки;Нет;не использовать Бытовая Техника
AM19289;МБ Техника для нарезки и смешивания;Нет;не использовать Бытовая Техника
AM19090;МБ Товары для красоты и здоровья;Нет;не использовать Бытовая Техника
AM24441;Пылесос (циклонный);Нет;не использовать Бытовая Техника
AM23348;Шагомер;Нет;не использовать Бытовая Техника
AM18231;Переводчики и диктофоны;Да;не использовать
AM18254;Подарочные карты;Да;не использовать
AM18839;2;Да;Подарочные карты
AM19824;Сим-Карта;Нет;Подарочные карты
AM18188;Портативные медиа проигрыватели;Да;не использовать
AM21587;Посуда;Да;не использовать
AM21590;Посуда;Нет;Посуда
AM24364;!Краскораспылитель;Нет;не использовать
AM24359;!Цепная пила;Нет;не использовать
AM18131;AV-ресивер;Нет;не использовать
AM26743;GPS-маяк;Нет;не использовать
AM18534;Hаушники игровые;Нет;не использовать
AM18295;Автосабвуфер;Нет;не использовать
AM18143;Автохрень;Нет;не использовать
AM18454;Адаптер;Нет;не использовать
AM18374;Аккумулятор AA/AAA;Нет;не использовать
AM18390;Аккумулятор для ИБП;Нет;не использовать
AM18205;Аккумулятор для ноутбуков;Нет;не использовать
AM18338;Аксессуар для корпуса;Нет;не использовать
AM19811;Аксессуар для монитора;Нет;не использовать
AM18204;Аксессуар для ноутбука;Нет;не использовать
AM19717;Аксессуары для экшн камер;Нет;не использовать
AM18455;Блок розеток;Нет;не использовать
AM18367;Бокс для CD;Нет;не использовать
AM26737;Брелок сигнализации;Нет;не использовать
AM18339;Вентиляторы охлаждения;Нет;не использовать
AM26786;Виброшлифмашина;Нет;не использовать
AM18283;Видеоплееры портативные;Нет;не использовать
AM18282;Видеорекордер;Нет;не использовать
AM18128;Виниловый проигрыватель;Нет;не использовать
AM18398;Геймпад(не_исп);Нет;не использовать
EM67442;Демо-юниты игровые кресла;Нет;не использовать
AM18400;Джойстик;Нет;не использовать
AM18214;Дисковод;Нет;не использовать
AM18213;Док-станция для HDD;Нет;не использовать
AM18280;Домашняя аудиосистема;Нет;не использовать
AM18211;Жесткий диск мобильный;Нет;не использовать
AM18329;Звуковой проектор (Звуковая панель);Нет;не использовать
AM30808;Игра для стац. консоли Simba's и прочее;Нет;не использовать
AM30805;Игровая консоль стац. Simba's и прочее;Нет;не использовать
AM18133;Игровой контроллер для игровых приставок;Нет;не использовать
AM22008;Игровой контроллер(не исп!);Нет;не использовать
AM26741;Иммобилайзер;Нет;не использовать
EM00294;Инструмент;Нет;не использовать
AM18358;Инструмент для работы с витой парой;Нет;не использовать
AM18313;Интерактивная доска;Нет;не использовать
AM18312;Интерактивное оборудование;Нет;не использовать
AM18142;Кабель автоакустический;Нет;не использовать
AM18332;Кабель антенный;Нет;не использовать
AM18153;Камера заднего вида;Нет;не использовать
AM18127;Клавиатура MIDI;Нет;не использовать
AM18403;Клавиатура+мышь;Нет;не использовать
AM18322;Колонки;Нет;не использовать
AM18549;Колонки 2.0 пластик;Нет;не использовать
AM27198;Коммутационное оборудование (Партнер);Нет;не использовать
AM18331;Комплект спутникового ТВ;Нет;не использовать
AM28597;Комплектующие к сигнализации;Нет;не использовать
AM18294;Конденсатор;Нет;не использовать
AM18203;Контроллер для ноутбука;Нет;не использовать
AM26828;Краскораспылитель пневматический;Нет;не использовать
AM18342;Крепление кулера;Нет;не использовать
AM18343;Лампа подсветки;Нет;не использовать
AM18311;Лампы для проектора;Нет;не использовать
EM10843;Ленточная пила;Нет;не использовать
AM18368;Ленточный накопитель;Нет;не использовать
AM18439;Медиаконвертеры;Нет;не использовать
AM18328;Медиаплеер стационарный (не использовать);Нет;не использовать
AM18440;Межсетевой экран;Нет;не использовать
AM18147;Метеостанция;Нет;не использовать
AM26869;Микрокомпьютер_не использовать;Нет;не использовать
AM26870;Микрокомпьютер_не использовать;Нет;не использовать
AM18344;Моддинг;Нет;не использовать
AM18441;Модем;Нет;не использовать
AM18456;Модуль расширения (Серверное);Нет;не использовать
AM18285;Модуль расширения для игровых приставок;Нет;не использовать
AM18139;Модуль расширения для ТВ/Видео;Нет;не использовать
AM18409;МФУ  - не исрользовать;Нет;не использовать
AM18360;Набор инструментов;Нет;не использовать
AM18175;Набор компьютер+монитор+kb+m (акция);Нет;не использовать
EM50414;Непрофильные товары;Нет;не использовать
AM18547;Нетбуки;Нет;не использовать
AM18457;Оборудование для СКС начального уровня;Нет;не использовать
AM18170;Оперативная память мобильная;Нет;не использовать
AM18370;Оптический носитель;Нет;не использовать
AM18414;Остальное (КМ);Нет;не использовать
AM18445;Панель;Нет;не использовать
AM18418;Печатающая техника;Нет;не использовать
AM18340;Платы расширения;Нет;не использовать
AM18141;Портативный ТВ;Нет;не использовать
AM18371;Портмоне;Нет;не использовать
AM18468;Предоплаченная карта;Нет;не использовать
AM18151;Приемник GPS;Нет;не использовать
AM18410;Принтер -не использовать;Нет;не использовать
EM07007;Программное обеспечение - Электронные ключи;Нет;не использовать
AM18137;Пульт ДУ;Нет;не использовать
AM18138;Пульт ДУ для ТВ/Видео;Нет;не использовать
AM18269;Пульт ДУ для экранов;Нет;не использовать
AM18146;Радиостанция;Нет;не использовать
AM18298;Радиоуправляемая игрушка;Нет;не использовать
AM18346;Регулятор скорости вращения вентиляторов;Нет;не использовать
AM18347;Решетка;Нет;не использовать
AM18406;Руль;Нет;не использовать
AM18201;Рюкзак для ноутбука;Нет;не использовать
AM18321;Сабвуфер;Нет;не использовать
AM18169;Салазки к HDD;Нет;не использовать
AM18459;Серверная мат. плата;Нет;не использовать
AM18460;Серверная память;Нет;не использовать
AM18461;Серверная платформа;Нет;не использовать
AM18462;Серверный аксессуар;Нет;не использовать
AM18463;Серверный корпус;Нет;не использовать
AM18464;Серверный процессор;Нет;не использовать
AM18465;Сервисный контракт;Нет;не использовать
AM18449;Сетевое оборудование;Нет;не использовать
AM18279;Синтезаторы, MIDI-клавиатуры, Виниловые проигрыватели;Нет;не использовать
AM18348;Системы жидкостного охлаждения;Нет;не использовать
EM09323;Списанный чехол;Нет;не использовать
AM29566;Стабилизатор напряжения;Нет;не использовать
AM18365;Стяжки для монтажа;Нет;не использовать
AM18125;Телефон проводной;Нет;не использовать
AM18349;Термоклей;Нет;не использовать
AM18350;Термопаста;Нет;не использовать
AM18425;Термопленка;Нет;не использовать
AM18426;Тонер;Нет;не использовать
AM18407;Трекбол;Нет;не использовать
AM18159;Трос безопасности для ноутбука;Нет;не использовать
AM18327;Тюнер цифрового телевидения (не использовать);Нет;не использовать
AM18320;Усилитель;Нет;не использовать
AM18293;Усилитель аудио для авто;Нет;не использовать
AM18288;Усилитель ТВ сигнала;Нет;не использовать
AM18140;Установочный комплект, кабель;Нет;не использовать
AM18352;Устройство для охлаждения видеокарты;Нет;не использовать
AM18353;Устройство для охлаждения жесткого диска;Нет;не использовать
AM18354;Устройство для охлаждения памяти;Нет;не использовать
AM18356;Устройство для охлаждения чипсета;Нет;не использовать
AM24831;Фильмы;Нет;не использовать
AM18427;Фотобарабан;Нет;не использовать
AM18372;Футляр для CD;Нет;не использовать
AM18145;Часы;Нет;не использовать
AM18149;Чехол для GPS;Нет;не использовать
AM18361;Чехол для жесткого диска;Нет;не использовать
AM18132;Чехол для игровых консолей;Нет;не использовать
AM18158;Чехол для ноутбука;Нет;не использовать
AM18466;Шкаф;Нет;не использовать
EM44985;Шлифовальная насадка по бетону;Нет;не использовать
AM18452;Шлюз;Нет;не использовать
EM10810;Щетка для шлифмашин;Нет;не использовать
